{"rnd": {"p": 1, "gzip": 0.2534581486954819, "bz2": 0.1291637070497708, "lzma": 0.024271881876461697, "brotli": 0.05462350635789597, "blosc": 0.10729975062762032}}