{"rnd": {"p": 1.7323918342590332, "gzip": 14.141333818435669, "bz2": 3.049544095993042, "lzma": 21.631742477416992, "brotli": 41.75491285324097, "blosc": 1.2479889392852783}}